<?xml version="1.0" encoding="utf-8"?>
<placeable type="productionPoint" xmlns:xsi="http://www.w3.org/2001/XMLSchema-instance" xsi:noNamespaceSchemaLocation="../../../../../shared/xml/schema/placeable.xsd">
	<storeData>
		<name>$l10n_shopItem_bakery</name>
		<functions>
			<function>$l10n_function_productionPoint</function>
		</functions>
		<image>$data/placeables/lizard/productionPoints/bakeryEU/store_bakeryEU.png</image>
		<price>50000</price>
		<lifetime>1000</lifetime>
		<rotation>0</rotation>
		<brand>FABRICPLUS</brand>
		<species>placeable</species>
		<category>productionPoints</category>
		<brush>
			<type>placeable</type>
			<category>production</category>
			<tab>factories</tab>
		</brush>
		<vertexBufferMemoryUsage>732160</vertexBufferMemoryUsage>
		<indexBufferMemoryUsage>110592</indexBufferMemoryUsage>
		<textureMemoryUsage>11337728</textureMemoryUsage>
		<instanceVertexBufferMemoryUsage>0</instanceVertexBufferMemoryUsage>
		<instanceIndexBufferMemoryUsage>0</instanceIndexBufferMemoryUsage>
		<audioMemoryUsage>0</audioMemoryUsage>
	</storeData>
	<base>
		<filename>$data/placeables/lizard/productionPoints/bakeryEU/bakeryEU.i3d</filename>
		<canBeRenamed>true</canBeRenamed>
	</base>
	<placement useRandomYRotation="false" useManualYRotation="true">
		<testAreas>
			<testArea startNode="testArea1Start" endNode="testArea1End"></testArea>
		</testAreas>
		<sounds>
			<place template="smallImp"></place>
		</sounds>
	</placement>
	<clearAreas>
		<clearArea startNode="clearAreaStart" widthNode="clearAreaWidth" heightNode="clearAreaHeight"></clearArea>
	</clearAreas>
	<leveling requireLeveling="true" maxSmoothDistance="10" maxSlope="75" maxEdgeAngle="30">
		<levelAreas>
			<levelArea startNode="levelingAreaStart" widthNode="levelingAreaWidth" heightNode="levelingAreaHeight" groundType="asphalt"></levelArea>
		</levelAreas>
	</leveling>
	<indoorAreas>
		<indoorArea startNode="indoorArea1Start" widthNode="indoorArea1Width" heightNode="indoorArea1Height"></indoorArea>
		<indoorArea startNode="indoorArea2Start" widthNode="indoorArea2Width" heightNode="indoorArea2Height"></indoorArea>
	</indoorAreas>
	<tipOcclusionUpdateAreas>
		<tipOcclusionUpdateArea startNode="tipOcclusionUpdateArea1Start" endNode="tipOcclusionUpdateArea1End"></tipOcclusionUpdateArea>
	</tipOcclusionUpdateAreas>
	<ai>
		<updateAreas>
			<updateArea startNode="tipOcclusionUpdateArea1Start" endNode="tipOcclusionUpdateArea1End"></updateArea>
		</updateAreas>
	</ai>
	<infoTrigger triggerNode="infoTrigger"></infoTrigger>
	<hotspots>
		<hotspot type="PRODUCTION_POINT" linkNode="unloadTriggerMarker" teleportNode="unloadTriggerMarker"></hotspot>
	</hotspots>
	<dynamicallyLoadedParts>
		<dynamicallyLoadedPart filename="$data/placeables/lizard/productionPoints/bakeryEU/props.i3d" node="0" linkNode="propsLinkNode"></dynamicallyLoadedPart>
	</dynamicallyLoadedParts>
	<triggerMarkers>
		<triggerMarker node="warningStripes"></triggerMarker>
		<triggerMarker node="playerTriggerMarker" filename="$data/shared/assets/marker/markerIcons.xml" id="WRENCH" adjustToGround="true"></triggerMarker>
		<triggerMarker node="unloadTriggerMarker" filename="$data/shared/assets/marker/markerIcons.xml" id="UNLOAD" adjustToGround="true"></triggerMarker>
	</triggerMarkers>
	<lights>
		<group weatherRequiredFlags="NIGHT"></group>
		<sharedLight filename="$data/shared/assets/lights/terraLed/fluorescentTube50W.xml" linkNode="linkedLight1" groupIndex="1"></sharedLight>
		<sharedLight filename="$data/shared/assets/lights/terraLed/fluorescentTube50W.xml" linkNode="linkedLight2" groupIndex="1"></sharedLight>
		<lightShape node="interiorDay" groupIndex="1"></lightShape>
		<lightShape node="interiorDayLOD" groupIndex="1"></lightShape>
		<realLights>
			<low>
				<light node="realLightsLow" groupIndex="1"></light>
			</low>
			<high>
				<light node="realLightsHigh" groupIndex="1"></light>
			</high>
		</realLights>
	</lights>
	<productionPoint>
		<productions sharedThroughputCapacity="false">
			<production id="bread" name="$l10n_fillType_bread" cyclesPerHour="180" costsPerActiveHour="2.5">
				<inputs>
					<input fillType="FLOUR" amount="2"></input>
				</inputs>
				<outputs>
					<output fillType="BREAD" amount="1"></output>
				</outputs>
			</production>
			<production id="cake" name="$l10n_fillType_cake" cyclesPerHour="16" costsPerActiveHour="2.5">
				<inputs>
					<input fillType="FLOUR" amount="2"></input>
					<input fillType="SUGAR" amount="2"></input>
					<input fillType="MILK" amount="2"></input>
					<input fillType="EGG" amount="2"></input>
					<input fillType="BUTTER" amount="2"></input>
					<input fillType="STRAWBERRY" amount="2"></input>
				</inputs>
				<outputs>
					<output fillType="CAKE" amount="5"></output>
				</outputs>
			</production>
		</productions>
		<sellingStation node="sellingStation" appearsOnStats="true" supportsExtension="false">
			<unloadTrigger exactFillRootNode="unloadTrigger" aiNode="unloadTriggerAINode" fillTypes="FLOUR SUGAR MILK EGG BUTTER STRAWBERRY"></unloadTrigger>
		</sellingStation>
		<palletSpawner node="palletSpawner">
			<spawnPlaces>
				<spawnPlace startNode="spawnSpace1start"></spawnPlace>
			</spawnPlaces>
		</palletSpawner>
		<storage isExtension="false" fillLevelSyncThreshold="50">
			<capacity fillType="FLOUR" capacity="65000"></capacity>
			<capacity fillType="SUGAR" capacity="7000"></capacity>
			<capacity fillType="MILK" capacity="7000"></capacity>
			<capacity fillType="EGG" capacity="7000"></capacity>
			<capacity fillType="BUTTER" capacity="7000"></capacity>
			<capacity fillType="STRAWBERRY" capacity="7000"></capacity>
			<capacity fillType="BREAD" capacity="7000"></capacity>
			<capacity fillType="CAKE" capacity="7000"></capacity>
		</storage>
		<playerTrigger node="playerTrigger"></playerTrigger>
		<sounds>
			<idle template="bakeryIdle" linkNode="0&gt;"></idle>
			<active template="bakeryWork" linkNode="0&gt;"></active>
		</sounds>
	</productionPoint>
	<i3dMappings>
		<i3dMapping id="interiorDay" node="0&gt;0|0|0|1|0|0"></i3dMapping>
		<i3dMapping id="propsLinkNode" node="0&gt;0|0|1"></i3dMapping>
		<i3dMapping id="interiorDayLOD" node="0&gt;0|1|0|1|0|0"></i3dMapping>
		<i3dMapping id="clearAreaStart" node="0&gt;1"></i3dMapping>
		<i3dMapping id="clearAreaWidth" node="0&gt;1|0"></i3dMapping>
		<i3dMapping id="clearAreaHeight" node="0&gt;1|1"></i3dMapping>
		<i3dMapping id="levelingAreaStart" node="0&gt;2"></i3dMapping>
		<i3dMapping id="levelingAreaWidth" node="0&gt;2|0"></i3dMapping>
		<i3dMapping id="levelingAreaHeight" node="0&gt;2|1"></i3dMapping>
		<i3dMapping id="indoorArea1Start" node="0&gt;3|0"></i3dMapping>
		<i3dMapping id="indoorArea1Width" node="0&gt;3|0|0"></i3dMapping>
		<i3dMapping id="indoorArea1Height" node="0&gt;3|0|1"></i3dMapping>
		<i3dMapping id="indoorArea2Start" node="0&gt;3|1"></i3dMapping>
		<i3dMapping id="indoorArea2Width" node="0&gt;3|1|0"></i3dMapping>
		<i3dMapping id="indoorArea2Height" node="0&gt;3|1|1"></i3dMapping>
		<i3dMapping id="testArea1Start" node="0&gt;4|0"></i3dMapping>
		<i3dMapping id="testArea1End" node="0&gt;4|0|0"></i3dMapping>
		<i3dMapping id="tipOcclusionUpdateArea1Start" node="0&gt;5|0"></i3dMapping>
		<i3dMapping id="tipOcclusionUpdateArea1End" node="0&gt;5|0|0"></i3dMapping>
		<i3dMapping id="sellingStation" node="0&gt;6"></i3dMapping>
		<i3dMapping id="unloadTrigger" node="0&gt;6|0"></i3dMapping>
		<i3dMapping id="unloadTriggerMarker" node="0&gt;6|0|0"></i3dMapping>
		<i3dMapping id="unloadTriggerAINode" node="0&gt;6|1"></i3dMapping>
		<i3dMapping id="playerTrigger" node="0&gt;7|0"></i3dMapping>
		<i3dMapping id="playerTriggerMarker" node="0&gt;7|0|0"></i3dMapping>
		<i3dMapping id="palletSpawner" node="0&gt;8"></i3dMapping>
		<i3dMapping id="spawnSpace1start" node="0&gt;8|0"></i3dMapping>
		<i3dMapping id="warningStripes" node="0&gt;9"></i3dMapping>
		<i3dMapping id="infoTrigger" node="0&gt;10"></i3dMapping>
		<i3dMapping id="realLightsLow" node="0&gt;12|0|0"></i3dMapping>
		<i3dMapping id="realLightsHigh" node="0&gt;12|0|1"></i3dMapping>
		<i3dMapping id="linkedLight1" node="0&gt;12|1|0"></i3dMapping>
		<i3dMapping id="linkedLight2" node="0&gt;12|1|1"></i3dMapping>
		<i3dMapping id="effectNodeChimneyLarge" node="0&gt;13|0"></i3dMapping>
		<i3dMapping id="effectNodeChimneySmall1" node="0&gt;13|1"></i3dMapping>
		<i3dMapping id="effectNodeChimneySmall2" node="0&gt;13|2"></i3dMapping>
	</i3dMappings>
</placeable>