<?xml version="1.0" encoding="utf-8"?>
<placeable type="productionPoint" xmlns:xsi="http://www.w3.org/2001/XMLSchema-instance" xsi:noNamespaceSchemaLocation="../../../../shared/xml/schema/placeable.xsd">
	<storeData>
		<name>$l10n_storeItem_planET_bga1mw</name>
		<functions></functions>
		<image>$data/store/store_empty.png</image>
		<price>1500000</price>
		<showInStore>false</showInStore>
		<lifetime>1000</lifetime>
		<rotation>0</rotation>
		<brand>FABRICPLUS</brand>
		<species>placeable</species>
		<category>productionPoints</category>
		<brush>
			<type>placeable</type>
			<category>production</category>
			<tab>factories</tab>
		</brush>
		<vertexBufferMemoryUsage>1902592</vertexBufferMemoryUsage>
		<indexBufferMemoryUsage>287232</indexBufferMemoryUsage>
		<textureMemoryUsage>3276800</textureMemoryUsage>
		<instanceVertexBufferMemoryUsage>0</instanceVertexBufferMemoryUsage>
		<instanceIndexBufferMemoryUsage>0</instanceIndexBufferMemoryUsage>
		<audioMemoryUsage>0</audioMemoryUsage>
	</storeData>
	<base>
		<filename>$data/placeables/planET/bga1mw/bga1mw_mixers.i3d</filename>
		<canBeRenamed>true</canBeRenamed>
		<buysFarmland>true</buysFarmland>
	</base>
	<placement useRandomYRotation="false" useManualYRotation="true"></placement>
	<clearAreas></clearAreas>
	<leveling></leveling>
	<indoorAreas>
		<indoorArea startNode="indoorArea1Start" widthNode="indoorArea1Width" heightNode="indoorArea1Height"></indoorArea>
		<indoorArea startNode="indoorArea2Start" widthNode="indoorArea2Width" heightNode="indoorArea2Height"></indoorArea>
	</indoorAreas>
	<tipOcclusionUpdateAreas>
		<tipOcclusionUpdateArea startNode="tipOcclusionUpdateArea1Start" endNode="tipOcclusionUpdateArea1End"></tipOcclusionUpdateArea>
		<tipOcclusionUpdateArea startNode="tipOcclusionUpdateArea2Start" endNode="tipOcclusionUpdateArea2End"></tipOcclusionUpdateArea>
	</tipOcclusionUpdateAreas>
	<ai>
		<updateAreas>
			<updateArea startNode="tipOcclusionUpdateArea1Start" endNode="tipOcclusionUpdateArea1End"></updateArea>
			<updateArea startNode="tipOcclusionUpdateArea2Start" endNode="tipOcclusionUpdateArea2End"></updateArea>
			<updateArea startNode="aiUpdateArea1Start" endNode="aiUpdateArea1End"></updateArea>
			<updateArea startNode="aiUpdateArea2Start" endNode="aiUpdateArea2End"></updateArea>
		</updateAreas>
		<splines>
			<spline node="unloadingLiquidManureAISpline"></spline>
			<spline node="unloadTriggerBunker2topAISpline"></spline>
		</splines>
	</ai>
	<infoTrigger triggerNode="infoTrigger"></infoTrigger>
	<triggerMarkers>
		<triggerMarker node="unloadTriggerMarker1" filename="$data/shared/assets/marker/markerIcons.xml" id="UNLOAD" adjustToGround="false"></triggerMarker>
		<triggerMarker node="unloadTriggerMarker2" filename="$data/shared/assets/marker/markerIcons.xml" id="UNLOAD" adjustToGround="false"></triggerMarker>
		<triggerMarker node="unloadTriggerLiquidManureMarker" filename="$data/shared/assets/marker/markerIcons.xml" id="UNLOAD" adjustToGround="true"></triggerMarker>
		<triggerMarker node="loadTriggerMarker" filename="$data/shared/assets/marker/markerIcons.xml" id="LOAD" adjustToGround="true"></triggerMarker>
		<triggerMarker node="playerTriggerMarker" filename="$data/shared/assets/marker/markerIcons.xml" id="WRENCH" adjustToGround="false"></triggerMarker>
	</triggerMarkers>
	<hotspots>
		<hotspot type="PRODUCTION_POINT" linkNode="hotspotNode" teleportNode="teleportNode"></hotspot>
	</hotspots>
	<productionPoint>
		<productions sharedThroughputCapacity="false">
			<production id="biogas" name="$l10n_fillType_silage" cyclesPerHour="2" costsPerActiveHour="25.25">
				<inputs>
					<input fillType="SILAGE" amount="8484"></input>
				</inputs>
				<outputs>
					<output fillType="ELECTRICCHARGE" amount="1" sellDirectly="true"></output>
					<output fillType="METHANE" amount="5884" sellDirectly="true"></output>
					<output fillType="DIGESTATE" amount="2545"></output>
				</outputs>
			</production>
			<production id="biogasLiquidManure" name="$l10n_fillType_liquidManure" cyclesPerHour="2" costsPerActiveHour="25.25">
				<inputs>
					<input fillType="LIQUIDMANURE" amount="2020"></input>
				</inputs>
				<outputs>
					<output fillType="ELECTRICCHARGE" amount="1" sellDirectly="true"></output>
					<output fillType="METHANE" amount="1452" sellDirectly="true"></output>
					<output fillType="DIGESTATE" amount="606"></output>
				</outputs>
			</production>
			<production id="biogasManure" name="$l10n_fillType_manure" cyclesPerHour="2" costsPerActiveHour="25.25">
				<inputs>
					<input fillType="MANURE" amount="2020"></input>
				</inputs>
				<outputs>
					<output fillType="ELECTRICCHARGE" amount="1" sellDirectly="true"></output>
					<output fillType="METHANE" amount="1452" sellDirectly="true"></output>
					<output fillType="DIGESTATE" amount="606"></output>
				</outputs>
			</production>
			<production id="biogasSugarbeetCut" name="$l10n_fillType_sugarBeetCut" cyclesPerHour="2" costsPerActiveHour="25.25">
				<inputs>
					<input fillType="SUGARBEET_CUT" amount="1010"></input>
				</inputs>
				<outputs>
					<output fillType="ELECTRICCHARGE" amount="1" sellDirectly="true"></output>
					<output fillType="METHANE" amount="721" sellDirectly="true"></output>
					<output fillType="DIGESTATE" amount="303"></output>
				</outputs>
			</production>
		</productions>
		<sellingStation node="sellingStation" appearsOnStats="true" supportsExtension="true">
			<unloadTrigger exactFillRootNode="unloadTriggerBunker1" fillTypes="SILAGE MANURE SUGARBEET_CUT"></unloadTrigger>
			<unloadTrigger exactFillRootNode="unloadTriggerBunker1top" fillTypes="SILAGE MANURE SUGARBEET_CUT"></unloadTrigger>
			<unloadTrigger fillTypes="SILAGE">
				<baleTrigger triggerNode="baleTriggerBunker1"></baleTrigger>
			</unloadTrigger>
			<unloadTrigger fillTypes="SILAGE">
				<baleTrigger triggerNode="baleTriggerBunker1top"></baleTrigger>
			</unloadTrigger>
			<unloadTrigger exactFillRootNode="unloadTriggerBunker2" fillTypes="SILAGE MANURE SUGARBEET_CUT"></unloadTrigger>
			<unloadTrigger exactFillRootNode="unloadTriggerBunker2top" fillTypes="SILAGE MANURE SUGARBEET_CUT" aiNode="unloadTriggerBunker2topAINode"></unloadTrigger>
			<unloadTrigger fillTypes="SILAGE">
				<baleTrigger triggerNode="baleTriggerBunker2"></baleTrigger>
			</unloadTrigger>
			<unloadTrigger fillTypes="SILAGE">
				<baleTrigger triggerNode="baleTriggerBunker2top"></baleTrigger>
			</unloadTrigger>
			<unloadTrigger exactFillRootNode="unloadTriggerLiquidManure" fillTypes="LIQUIDMANURE" aiNode="unloadTriggerLiquidManureAINode"></unloadTrigger>
		</sellingStation>
		<loadingStation>
			<loadTrigger triggerNode="loadTrigger" fillTypes="DIGESTATE" aiNode="loadTriggerAiNode"></loadTrigger>
		</loadingStation>
		<storage isExtension="false" fillLevelSyncThreshold="100">
			<capacity fillType="SILAGE" capacity="305425"></capacity>
			<capacity fillType="MANURE" capacity="72720"></capacity>
			<capacity fillType="SUGARBEET_CUT" capacity="36360"></capacity>
			<capacity fillType="LIQUIDMANURE" capacity="305425"></capacity>
			<capacity fillType="DIGESTATE" capacity="6400000"></capacity>
			<fillPlane node="fillPlaneBunkers" fillType="SILAGE" minY="0" maxY="2.2"></fillPlane>
		</storage>
		<playerTrigger node="playerTrigger"></playerTrigger>
		<sounds>
			<idle template="dairyIdle" linkNode="soundNode" outerRadius="50"></idle>
			<active template="dairyWork" linkNode="soundNode" outerRadius="50"></active>
		</sounds>
	</productionPoint>
	<i3dMappings>
		<i3dMapping id="infoTrigger" node="0&gt;1"></i3dMapping>
		<i3dMapping id="unloadTriggerBunker1" node="0&gt;2|0|0|0"></i3dMapping>
		<i3dMapping id="unloadTriggerMarker1" node="0&gt;2|0|0|1"></i3dMapping>
		<i3dMapping id="baleTriggerBunker1" node="0&gt;2|0|0|2"></i3dMapping>
		<i3dMapping id="unloadTriggerBunker1top" node="0&gt;2|0|1|0"></i3dMapping>
		<i3dMapping id="unloadTriggerBunker1topAINode" node="0&gt;2|0|1|1"></i3dMapping>
		<i3dMapping id="baleTriggerBunker1top" node="0&gt;2|0|1|2"></i3dMapping>
		<i3dMapping id="unloadTriggerBunker2" node="0&gt;2|1|0|0"></i3dMapping>
		<i3dMapping id="unloadTriggerMarker2" node="0&gt;2|1|0|1"></i3dMapping>
		<i3dMapping id="baleTriggerBunker2" node="0&gt;2|1|0|2"></i3dMapping>
		<i3dMapping id="unloadTriggerBunker2top" node="0&gt;2|1|1|0"></i3dMapping>
		<i3dMapping id="baleTriggerBunker2top" node="0&gt;2|1|1|1"></i3dMapping>
		<i3dMapping id="unloadTriggerBunker2topAINode" node="0&gt;2|1|1|2"></i3dMapping>
		<i3dMapping id="unloadTriggerBunker2topAISpline" node="0&gt;2|1|1|3"></i3dMapping>
		<i3dMapping id="unloadTriggerLiquidManureMarker" node="0&gt;2|2|0"></i3dMapping>
		<i3dMapping id="unloadTriggerLiquidManureAINode" node="0&gt;2|2|1"></i3dMapping>
		<i3dMapping id="unloadingLiquidManureAISpline" node="0&gt;2|2|2"></i3dMapping>
		<i3dMapping id="unloadTriggerLiquidManure" node="0&gt;2|2|3"></i3dMapping>
		<i3dMapping id="loadTrigger" node="0&gt;2|3|0"></i3dMapping>
		<i3dMapping id="loadTriggerMarker" node="0&gt;2|3|1"></i3dMapping>
		<i3dMapping id="loadTriggerAiNode" node="0&gt;2|3|2"></i3dMapping>
		<i3dMapping id="playerTrigger" node="0&gt;2|4"></i3dMapping>
		<i3dMapping id="playerTriggerMarker" node="0&gt;2|4|0"></i3dMapping>
		<i3dMapping id="fillPlaneBunkers" node="0&gt;2|5"></i3dMapping>
		<i3dMapping id="hotspotNode" node="0&gt;3"></i3dMapping>
		<i3dMapping id="teleportNode" node="0&gt;4"></i3dMapping>
		<i3dMapping id="tipOcclusionUpdateArea1Start" node="0&gt;6|0"></i3dMapping>
		<i3dMapping id="tipOcclusionUpdateArea1End" node="0&gt;6|0|0"></i3dMapping>
		<i3dMapping id="tipOcclusionUpdateArea2Start" node="0&gt;6|1"></i3dMapping>
		<i3dMapping id="tipOcclusionUpdateArea2End" node="0&gt;6|1|0"></i3dMapping>
		<i3dMapping id="indoorArea1Start" node="0&gt;7|0"></i3dMapping>
		<i3dMapping id="indoorArea1Width" node="0&gt;7|0|0"></i3dMapping>
		<i3dMapping id="indoorArea1Height" node="0&gt;7|0|1"></i3dMapping>
		<i3dMapping id="indoorArea2Start" node="0&gt;7|1"></i3dMapping>
		<i3dMapping id="indoorArea2Width" node="0&gt;7|1|0"></i3dMapping>
		<i3dMapping id="indoorArea2Height" node="0&gt;7|1|1"></i3dMapping>
		<i3dMapping id="aiUpdateAreas" node="0&gt;8"></i3dMapping>
		<i3dMapping id="aiUpdateArea1Start" node="0&gt;8|0"></i3dMapping>
		<i3dMapping id="aiUpdateArea1End" node="0&gt;8|0|0"></i3dMapping>
		<i3dMapping id="aiUpdateArea2Start" node="0&gt;8|1"></i3dMapping>
		<i3dMapping id="aiUpdateArea2End" node="0&gt;8|1|0"></i3dMapping>
		<i3dMapping id="soundNode" node="0&gt;9"></i3dMapping>
	</i3dMappings>
</placeable>