<?xml version="1.0" encoding="utf-8"?>
<placeable type="productionPoint" xmlns:xsi="http://www.w3.org/2001/XMLSchema-instance" xsi:noNamespaceSchemaLocation="../../../../shared/xml/schema/placeable.xsd">
	<storeData>
		<name>$l10n_storeItem_planET_bga500kw</name>
		<functions>
			<function>$l10n_function_productionPoint</function>
		</functions>
		<image>$data/placeables/planET/bga500kw/store_bga500kw.png</image>
		<price>1180000</price>
		<lifetime>1000</lifetime>
		<rotation>0</rotation>
		<brand>FABRICPLUS</brand>
		<species>placeable</species>
		<category>productionPoints</category>
		<brush>
			<type>placeable</type>
			<category>production</category>
			<tab>factories</tab>
		</brush>
		<vertexBufferMemoryUsage>4130816</vertexBufferMemoryUsage>
		<indexBufferMemoryUsage>619264</indexBufferMemoryUsage>
		<textureMemoryUsage>4390912</textureMemoryUsage>
		<instanceVertexBufferMemoryUsage>0</instanceVertexBufferMemoryUsage>
		<instanceIndexBufferMemoryUsage>0</instanceIndexBufferMemoryUsage>
		<storeIconRendering>
			<settings cameraXRot="-30" cameraYRot="150" advancedBoundingBox="true"></settings>
		</storeIconRendering>
		<audioMemoryUsage>0</audioMemoryUsage>
	</storeData>
	<base>
		<filename>$data/placeables/planET/bga500kw/bga500kw.i3d</filename>
		<canBeRenamed>true</canBeRenamed>
		<boughtWithFarmland>true</boughtWithFarmland>
	</base>
	<placement useRandomYRotation="false" useManualYRotation="true">
		<testAreas>
			<testArea startNode="testArea1Start" endNode="testArea1End"></testArea>
			<testArea startNode="testArea2Start" endNode="testArea2End"></testArea>
			<testArea startNode="testArea3Start" endNode="testArea3End"></testArea>
		</testAreas>
		<sounds>
			<place template="largeImp"></place>
		</sounds>
	</placement>
	<clearAreas>
		<clearArea startNode="clearArea1Start" widthNode="clearArea1Width" heightNode="clearArea1Height"></clearArea>
		<clearArea startNode="clearArea2Start" widthNode="clearArea2Width" heightNode="clearArea2Height"></clearArea>
		<clearArea startNode="clearArea3Start" widthNode="clearArea3Width" heightNode="clearArea3Height"></clearArea>
	</clearAreas>
	<leveling requireLeveling="true" maxSmoothDistance="10" maxSlope="75" maxEdgeAngle="30">
		<levelAreas>
			<levelArea startNode="clearArea1Start" widthNode="clearArea1Width" heightNode="clearArea1Height" groundType="asphalt"></levelArea>
			<levelArea startNode="clearArea2Start" widthNode="clearArea2Width" heightNode="clearArea2Height" groundType="asphalt"></levelArea>
			<levelArea startNode="clearArea3Start" widthNode="clearArea3Width" heightNode="clearArea3Height" groundType="asphalt"></levelArea>
		</levelAreas>
	</leveling>
	<indoorAreas>
		<indoorArea startNode="indoorArea1Start" widthNode="indoorArea1Width" heightNode="indoorArea1Height"></indoorArea>
		<indoorArea startNode="indoorArea2Start" widthNode="indoorArea2Width" heightNode="indoorArea2Height"></indoorArea>
		<indoorArea startNode="indoorArea3Start" widthNode="indoorArea3Width" heightNode="indoorArea3Height"></indoorArea>
		<indoorArea startNode="indoorArea4Start" widthNode="indoorArea4Width" heightNode="indoorArea4Height"></indoorArea>
		<indoorArea startNode="indoorArea5Start" widthNode="indoorArea5Width" heightNode="indoorArea5Height"></indoorArea>
	</indoorAreas>
	<tipOcclusionUpdateAreas>
		<tipOcclusionUpdateArea startNode="tipOcclusionUpdateArea1Start" endNode="tipOcclusionUpdateArea1End"></tipOcclusionUpdateArea>
	</tipOcclusionUpdateAreas>
	<ai>
		<updateAreas>
			<updateArea startNode="tipOcclusionUpdateArea1Start" endNode="tipOcclusionUpdateArea1End"></updateArea>
		</updateAreas>
	</ai>
	<infoTrigger triggerNode="infoTrigger"></infoTrigger>
	<triggerMarkers>
		<triggerMarker node="unloadTriggerMarker" filename="$data/shared/assets/marker/markerIcons.xml" id="UNLOAD" adjustToGround="false"></triggerMarker>
		<triggerMarker node="unloadTriggerLiquidManureMarker" filename="$data/shared/assets/marker/markerIcons.xml" id="UNLOAD" adjustToGround="true"></triggerMarker>
		<triggerMarker node="loadTriggerMarker1" filename="$data/shared/assets/marker/markerIcons.xml" id="LOAD" adjustToGround="true"></triggerMarker>
		<triggerMarker node="loadTriggerMarker2" filename="$data/shared/assets/marker/markerIcons.xml" id="LOAD" adjustToGround="true"></triggerMarker>
		<triggerMarker node="playerTriggerMarker" filename="$data/shared/assets/marker/markerIcons.xml" id="WRENCH" adjustToGround="true"></triggerMarker>
	</triggerMarkers>
	<hotspots>
		<hotspot type="PRODUCTION_POINT" linkNode="hotspotMarker" teleportNode="teleportNode"></hotspot>
	</hotspots>
	<productionPoint>
		<productions sharedThroughputCapacity="false">
			<production id="biogas" name="$l10n_fillType_silage" cyclesPerHour="2" costsPerActiveHour="12.6">
				<inputs>
					<input fillType="SILAGE" amount="4243"></input>
				</inputs>
				<outputs>
					<output fillType="ELECTRICCHARGE" amount="3819" sellDirectly="true"></output>
					<output fillType="METHANE" amount="5" sellDirectly="true"></output>
					<output fillType="DIGESTATE" amount="1273"></output>
				</outputs>
			</production>
			<production id="biogasLiquidManure" name="$l10n_fillType_liquidManure" cyclesPerHour="2" costsPerActiveHour="12.6">
				<inputs>
					<input fillType="LIQUIDMANURE" amount="1010"></input>
				</inputs>
				<outputs>
					<output fillType="ELECTRICCHARGE" amount="909" sellDirectly="true"></output>
					<output fillType="METHANE" amount="5" sellDirectly="true"></output>
					<output fillType="DIGESTATE" amount="303"></output>
				</outputs>
			</production>
			<production id="biogasManure" name="$l10n_fillType_manure" cyclesPerHour="2" costsPerActiveHour="12.6">
				<inputs>
					<input fillType="MANURE" amount="1010"></input>
				</inputs>
				<outputs>
					<output fillType="ELECTRICCHARGE" amount="909" sellDirectly="true"></output>
					<output fillType="METHANE" amount="5" sellDirectly="true"></output>
					<output fillType="DIGESTATE" amount="303"></output>
				</outputs>
			</production>
			<production id="biogasSugarbeetCut" name="$l10n_fillType_sugarBeetCut" cyclesPerHour="2" costsPerActiveHour="12.6">
				<inputs>
					<input fillType="SUGARBEET_CUT" amount="505"></input>
				</inputs>
				<outputs>
					<output fillType="ELECTRICCHARGE" amount="456" sellDirectly="true"></output>
					<output fillType="METHANE" amount="5" sellDirectly="true"></output>
					<output fillType="DIGESTATE" amount="152"></output>
				</outputs>
			</production>
		</productions>
		<sellingStation node="sellingStation" appearsOnStats="true" supportsExtension="true">
			<unloadTrigger exactFillRootNode="unloadTriggerLiquidManure" fillTypes="LIQUIDMANURE" aiNode="unloadTriggerLiquidManureAiNode"></unloadTrigger>
			<unloadTrigger exactFillRootNode="unloadTrigger" fillTypes="SILAGE MANURE SUGARBEET_CUT"></unloadTrigger>
			<unloadTrigger fillTypes="SILAGE">
				<baleTrigger triggerNode="baleTrigger"></baleTrigger>
			</unloadTrigger>
			<unloadTrigger exactFillRootNode="unloadTriggerInFront" fillTypes="SILAGE MANURE SUGARBEET_CUT" aiNode="unloadTriggerInFrontAINode"></unloadTrigger>
			<unloadTrigger fillTypes="SILAGE">
				<baleTrigger triggerNode="baleTriggerInFront"></baleTrigger>
			</unloadTrigger>
		</sellingStation>
		<loadingStation>
			<loadTrigger triggerNode="loadTrigger1" fillTypes="DIGESTATE"></loadTrigger>
			<loadTrigger triggerNode="loadTrigger2" fillTypes="DIGESTATE" aiNode="loadTrigger2AiNode"></loadTrigger>
		</loadingStation>
		<storage isExtension="false" fillLevelSyncThreshold="100">
			<capacity fillType="SILAGE" capacity="152750"></capacity>
			<capacity fillType="MANURE" capacity="36370"></capacity>
			<capacity fillType="SUGARBEET_CUT" capacity="18180"></capacity>
			<capacity fillType="LIQUIDMANURE" capacity="152750"></capacity>
			<capacity fillType="DIGESTATE" capacity="5600000"></capacity>
			<dynamicFillPlane node="bunkerFillVolume" allSidePlanes="false" maxAllowedHeapAngle="10" maxDelta="0.3" defaultFillType="SILAGE"></dynamicFillPlane>
		</storage>
		<playerTrigger node="playerTrigger"></playerTrigger>
		<sounds>
			<idle template="dairyIdle" linkNode="0&gt;" outerRadius="50"></idle>
			<active template="dairyWork" linkNode="0&gt;" outerRadius="50"></active>
		</sounds>
	</productionPoint>
	<i3dMappings>
		<i3dMapping id="clearArea1Start" node="0&gt;0|0"></i3dMapping>
		<i3dMapping id="clearArea1Width" node="0&gt;0|0|0"></i3dMapping>
		<i3dMapping id="clearArea1Height" node="0&gt;0|0|1"></i3dMapping>
		<i3dMapping id="clearArea2Start" node="0&gt;0|1"></i3dMapping>
		<i3dMapping id="clearArea2Width" node="0&gt;0|1|0"></i3dMapping>
		<i3dMapping id="clearArea2Height" node="0&gt;0|1|1"></i3dMapping>
		<i3dMapping id="clearArea3Start" node="0&gt;0|2"></i3dMapping>
		<i3dMapping id="clearArea3Width" node="0&gt;0|2|0"></i3dMapping>
		<i3dMapping id="clearArea3Height" node="0&gt;0|2|1"></i3dMapping>
		<i3dMapping id="levelArea1Start" node="0&gt;1|0"></i3dMapping>
		<i3dMapping id="levelArea1Width" node="0&gt;1|0|0"></i3dMapping>
		<i3dMapping id="levelArea1Height" node="0&gt;1|0|1"></i3dMapping>
		<i3dMapping id="indoorArea1Start" node="0&gt;3|0"></i3dMapping>
		<i3dMapping id="indoorArea1Width" node="0&gt;3|0|0"></i3dMapping>
		<i3dMapping id="indoorArea1Height" node="0&gt;3|0|1"></i3dMapping>
		<i3dMapping id="indoorArea2Start" node="0&gt;3|1"></i3dMapping>
		<i3dMapping id="indoorArea2Width" node="0&gt;3|1|0"></i3dMapping>
		<i3dMapping id="indoorArea2Height" node="0&gt;3|1|1"></i3dMapping>
		<i3dMapping id="indoorArea3Start" node="0&gt;3|2"></i3dMapping>
		<i3dMapping id="indoorArea3Width" node="0&gt;3|2|0"></i3dMapping>
		<i3dMapping id="indoorArea3Height" node="0&gt;3|2|1"></i3dMapping>
		<i3dMapping id="indoorArea4Start" node="0&gt;3|3"></i3dMapping>
		<i3dMapping id="indoorArea4Width" node="0&gt;3|3|0"></i3dMapping>
		<i3dMapping id="indoorArea4Height" node="0&gt;3|3|1"></i3dMapping>
		<i3dMapping id="indoorArea5Start" node="0&gt;3|4"></i3dMapping>
		<i3dMapping id="indoorArea5Width" node="0&gt;3|4|0"></i3dMapping>
		<i3dMapping id="indoorArea5Height" node="0&gt;3|4|1"></i3dMapping>
		<i3dMapping id="testArea1Start" node="0&gt;4|0"></i3dMapping>
		<i3dMapping id="testArea1End" node="0&gt;4|0|0"></i3dMapping>
		<i3dMapping id="testArea2Start" node="0&gt;4|1"></i3dMapping>
		<i3dMapping id="testArea2End" node="0&gt;4|1|0"></i3dMapping>
		<i3dMapping id="testArea3Start" node="0&gt;4|2"></i3dMapping>
		<i3dMapping id="testArea3End" node="0&gt;4|2|0"></i3dMapping>
		<i3dMapping id="tipOcclusionUpdateArea1Start" node="0&gt;5|0"></i3dMapping>
		<i3dMapping id="tipOcclusionUpdateArea1End" node="0&gt;5|0|0"></i3dMapping>
		<i3dMapping id="infoTrigger" node="0&gt;6"></i3dMapping>
		<i3dMapping id="hotspotMarker" node="0&gt;12"></i3dMapping>
		<i3dMapping id="teleportNode" node="0&gt;13"></i3dMapping>
		<i3dMapping id="loadTrigger1" node="0&gt;14|0"></i3dMapping>
		<i3dMapping id="loadTriggerMarker1" node="0&gt;14|0|0"></i3dMapping>
		<i3dMapping id="loadTrigger2" node="0&gt;14|1"></i3dMapping>
		<i3dMapping id="loadTriggerMarker2" node="0&gt;14|1|0"></i3dMapping>
		<i3dMapping id="loadTrigger2AiNode" node="0&gt;14|2"></i3dMapping>
		<i3dMapping id="unloadTrigger" node="0&gt;14|3|0"></i3dMapping>
		<i3dMapping id="unloadTriggerMarker" node="0&gt;14|3|1"></i3dMapping>
		<i3dMapping id="baleTrigger" node="0&gt;14|3|2"></i3dMapping>
		<i3dMapping id="bunkerFillVolume" node="0&gt;14|3|3"></i3dMapping>
		<i3dMapping id="baleTriggerInFront" node="0&gt;14|4|0"></i3dMapping>
		<i3dMapping id="unloadTriggerInFront" node="0&gt;14|4|1"></i3dMapping>
		<i3dMapping id="unloadTriggerInFrontAINode" node="0&gt;14|4|2"></i3dMapping>
		<i3dMapping id="unloadTriggerLiquidManure" node="0&gt;14|5|0"></i3dMapping>
		<i3dMapping id="unloadTriggerLiquidManureMarker" node="0&gt;14|5|1"></i3dMapping>
		<i3dMapping id="unloadTriggerLiquidManureAiNode" node="0&gt;14|5|2"></i3dMapping>
		<i3dMapping id="playerTrigger" node="0&gt;14|6"></i3dMapping>
		<i3dMapping id="playerTriggerMarker" node="0&gt;14|6|0"></i3dMapping>
	</i3dMappings>
</placeable>