<?xml version="1.0" encoding="utf-8"?>
<placeable type="productionPoint" xmlns:xsi="http://www.w3.org/2001/XMLSchema-instance" xsi:noNamespaceSchemaLocation="../../../../../shared/xml/schema/placeable.xsd">
	<storeData>
		<name>$l10n_shopItem_oilMill</name>
		<functions>
			<function>$l10n_function_productionPoint</function>
		</functions>
		<image>$data/placeables/lizard/productionPoints/oilPlant/store_oilPlant.png</image>
		<price>80000</price>
		<lifetime>1000</lifetime>
		<rotation>0</rotation>
		<brand>FABRICPLUS</brand>
		<species>placeable</species>
		<category>productionPoints</category>
		<brush>
			<type>placeable</type>
			<category>production</category>
			<tab>factories</tab>
		</brush>
		<vertexBufferMemoryUsage>1013760</vertexBufferMemoryUsage>
		<indexBufferMemoryUsage>161792</indexBufferMemoryUsage>
		<textureMemoryUsage>9764864</textureMemoryUsage>
		<instanceVertexBufferMemoryUsage>0</instanceVertexBufferMemoryUsage>
		<instanceIndexBufferMemoryUsage>0</instanceIndexBufferMemoryUsage>
		<audioMemoryUsage>0</audioMemoryUsage>
	</storeData>
	<base>
		<filename>$data/placeables/lizard/productionPoints/oilPlant/oilPlant.i3d</filename>
		<canBeRenamed>true</canBeRenamed>
	</base>
	<placement useRandomYRotation="false" useManualYRotation="true">
		<testAreas>
			<testArea startNode="testArea1Start" endNode="testArea1End"></testArea>
			<testArea startNode="testArea2Start" endNode="testArea2End"></testArea>
		</testAreas>
		<sounds>
			<place template="smallImp"></place>
		</sounds>
	</placement>
	<clearAreas>
		<clearArea startNode="clearArea1Start" widthNode="clearArea1Width" heightNode="clearArea1Height"></clearArea>
	</clearAreas>
	<leveling requireLeveling="true" maxSmoothDistance="10" maxSlope="75" maxEdgeAngle="30">
		<levelAreas>
			<levelArea startNode="levelArea1Start" widthNode="levelArea1Width" heightNode="levelArea1Height" groundType="asphalt"></levelArea>
		</levelAreas>
	</leveling>
	<indoorAreas>
		<indoorArea startNode="indoorArea1Start" widthNode="indoorArea1Width" heightNode="indoorArea1Height"></indoorArea>
	</indoorAreas>
	<tipOcclusionUpdateAreas>
		<tipOcclusionUpdateArea startNode="tipOcclusionUpdateArea1Start" endNode="tipOcclusionUpdateArea1End"></tipOcclusionUpdateArea>
	</tipOcclusionUpdateAreas>
	<ai>
		<updateAreas>
			<updateArea startNode="tipOcclusionUpdateArea1Start" endNode="tipOcclusionUpdateArea1End"></updateArea>
		</updateAreas>
		<splines>
			<spline node="aiSpline"></spline>
		</splines>
	</ai>
	<infoTrigger triggerNode="infoTrigger"></infoTrigger>
	<dynamicallyLoadedParts>
		<dynamicallyLoadedPart filename="$data/placeables/sellingStationGeneric/sellingStationGenericNoCover.i3d" node="0" linkNode="grainGateLinkNode"></dynamicallyLoadedPart>
		<dynamicallyLoadedPart filename="$data/placeables/lizard/productionPoints/oilPlant/props.i3d" node="0" linkNode="propsLinkNode"></dynamicallyLoadedPart>
	</dynamicallyLoadedParts>
	<triggerMarkers>
		<triggerMarker node="warningStripes"></triggerMarker>
		<triggerMarker node="playerTriggerMarker" filename="$data/shared/assets/marker/markerIcons.xml" id="WRENCH" adjustToGround="true"></triggerMarker>
		<triggerMarker node="unloadTriggerMarker" filename="$data/shared/assets/marker/markerIcons.xml" id="UNLOAD" adjustToGround="true"></triggerMarker>
	</triggerMarkers>
	<hotspots>
		<hotspot type="PRODUCTION_POINT" linkNode="unloadTriggerMarker" teleportNode="teleportNode"></hotspot>
	</hotspots>
	<lights>
		<group weatherRequiredFlags="NIGHT"></group>
		<sharedLight filename="$data/shared/assets/lights/lizard/buildings/industrialWallLight.xml" linkNode="linkedLight1" groupIndex="1"></sharedLight>
		<sharedLight filename="$data/shared/assets/lights/lizard/buildings/industrialWallLight.xml" linkNode="linkedLight2" groupIndex="1"></sharedLight>
		<sharedLight filename="$data/shared/assets/lights/lizard/buildings/industrialWallLight.xml" linkNode="linkedLight3" groupIndex="1"></sharedLight>
		<sharedLight filename="$data/shared/assets/lights/lizard/buildings/industrialWallLight.xml" linkNode="linkedLight4" groupIndex="1"></sharedLight>
		<sharedLight filename="$data/shared/assets/lights/lizard/buildings/industrialWallLight.xml" linkNode="linkedLight5" groupIndex="1"></sharedLight>
		<sharedLight filename="$data/shared/assets/lights/lizard/buildings/industrialWallLight.xml" linkNode="linkedLight6" groupIndex="1"></sharedLight>
		<sharedLight filename="$data/shared/assets/lights/lizard/buildings/industrialWallLight.xml" linkNode="linkedLight7" groupIndex="1"></sharedLight>
		<sharedLight filename="$data/shared/assets/lights/lizard/buildings/industrialWallLight.xml" linkNode="linkedLight8" groupIndex="1"></sharedLight>
		<sharedLight filename="$data/shared/assets/lights/lizard/buildings/industrialWallLight.xml" linkNode="linkedLight9" groupIndex="1"></sharedLight>
		<lightShape node="interiorDay" groupIndex="1"></lightShape>
		<lightShape node="interiorDayLOD" groupIndex="1"></lightShape>
		<realLights>
			<low>
				<light node="realLightsLow" groupIndex="1"></light>
			</low>
			<high>
				<light node="realLightsHigh" groupIndex="1"></light>
			</high>
		</realLights>
	</lights>
	<productionPoint>
		<productions>
			<production id="sunflower_oil" name="$l10n_fillType_sunflowerOil" cyclesPerHour="400" costsPerActiveHour="2.5">
				<inputs>
					<input fillType="SUNFLOWER" amount="2"></input>
				</inputs>
				<outputs>
					<output fillType="SUNFLOWER_OIL" amount="1"></output>
				</outputs>
			</production>
			<production id="canola_oil" name="$l10n_fillType_canolaOil" cyclesPerHour="400" costsPerActiveHour="2.5">
				<inputs>
					<input fillType="CANOLA" amount="2"></input>
				</inputs>
				<outputs>
					<output fillType="CANOLA_OIL" amount="1"></output>
				</outputs>
			</production>
			<production id="olive_oil" name="$l10n_fillType_oliveOil" cyclesPerHour="200" costsPerActiveHour="2.5">
				<inputs>
					<input fillType="OLIVE" amount="2"></input>
				</inputs>
				<outputs>
					<output fillType="OLIVE_OIL" amount="1"></output>
				</outputs>
			</production>
		</productions>
		<storage isExtension="false" fillLevelSyncThreshold="50">
			<capacity fillType="SUNFLOWER" capacity="144000"></capacity>
			<capacity fillType="CANOLA" capacity="144000"></capacity>
			<capacity fillType="OLIVE" capacity="72000"></capacity>
			<capacity fillType="SUNFLOWER_OIL" capacity="10000"></capacity>
			<capacity fillType="CANOLA_OIL" capacity="10000"></capacity>
			<capacity fillType="OLIVE_OIL" capacity="5000"></capacity>
		</storage>
		<sellingStation node="sellingStation" supportsExtension="false">
			<unloadTrigger exactFillRootNode="unloadTrigger" aiNode="unloadTriggerAINode" fillTypes="SUNFLOWER CANOLA OLIVE"></unloadTrigger>
		</sellingStation>
		<palletSpawner node="palletSpawner">
			<spawnPlaces>
				<spawnPlace startNode="spawnSpace1start"></spawnPlace>
			</spawnPlaces>
		</palletSpawner>
		<playerTrigger node="playerTrigger"></playerTrigger>
		<sounds>
			<idle template="oilPlantIdle" linkNode="0&gt;"></idle>
			<active template="oilPlantWork" linkNode="0&gt;"></active>
		</sounds>
	</productionPoint>
	<i3dMappings>
		<i3dMapping id="interiorDay" node="0&gt;0|0|0|2|0|0"></i3dMapping>
		<i3dMapping id="propsLinkNode" node="0&gt;0|0|1"></i3dMapping>
		<i3dMapping id="interiorDayLOD" node="0&gt;0|1|0|0"></i3dMapping>
		<i3dMapping id="levelArea1Start" node="0&gt;2|0"></i3dMapping>
		<i3dMapping id="levelArea1Width" node="0&gt;2|0|0"></i3dMapping>
		<i3dMapping id="levelArea1Height" node="0&gt;2|0|1"></i3dMapping>
		<i3dMapping id="clearArea1Start" node="0&gt;3|0"></i3dMapping>
		<i3dMapping id="clearArea1Width" node="0&gt;3|0|0"></i3dMapping>
		<i3dMapping id="clearArea1Height" node="0&gt;3|0|1"></i3dMapping>
		<i3dMapping id="indoorArea1Start" node="0&gt;4|0"></i3dMapping>
		<i3dMapping id="indoorArea1Width" node="0&gt;4|0|0"></i3dMapping>
		<i3dMapping id="indoorArea1Height" node="0&gt;4|0|1"></i3dMapping>
		<i3dMapping id="testArea1Start" node="0&gt;5|0"></i3dMapping>
		<i3dMapping id="testArea1End" node="0&gt;5|0|0"></i3dMapping>
		<i3dMapping id="testArea2Start" node="0&gt;5|1"></i3dMapping>
		<i3dMapping id="testArea2End" node="0&gt;5|1|0"></i3dMapping>
		<i3dMapping id="tipOcclusionUpdateArea1Start" node="0&gt;6|0"></i3dMapping>
		<i3dMapping id="tipOcclusionUpdateArea1End" node="0&gt;6|0|0"></i3dMapping>
		<i3dMapping id="infoTrigger" node="0&gt;8"></i3dMapping>
		<i3dMapping id="realLightsLow" node="0&gt;9|0|0"></i3dMapping>
		<i3dMapping id="realLightsHigh" node="0&gt;9|0|1"></i3dMapping>
		<i3dMapping id="linkedLight1" node="0&gt;9|1|0"></i3dMapping>
		<i3dMapping id="linkedLight2" node="0&gt;9|1|1"></i3dMapping>
		<i3dMapping id="linkedLight3" node="0&gt;9|1|2"></i3dMapping>
		<i3dMapping id="linkedLight4" node="0&gt;9|1|3"></i3dMapping>
		<i3dMapping id="linkedLight5" node="0&gt;9|1|4"></i3dMapping>
		<i3dMapping id="linkedLight6" node="0&gt;9|1|5"></i3dMapping>
		<i3dMapping id="linkedLight7" node="0&gt;9|1|6"></i3dMapping>
		<i3dMapping id="linkedLight8" node="0&gt;9|1|7"></i3dMapping>
		<i3dMapping id="linkedLight9" node="0&gt;9|1|8"></i3dMapping>
		<i3dMapping id="sellingStation" node="0&gt;10"></i3dMapping>
		<i3dMapping id="grainGateLinkNode" node="0&gt;10|0"></i3dMapping>
		<i3dMapping id="unloadTrigger" node="0&gt;10|0|0"></i3dMapping>
		<i3dMapping id="unloadTriggerMarker" node="0&gt;10|0|0|0"></i3dMapping>
		<i3dMapping id="unloadTriggerAINode" node="0&gt;10|1"></i3dMapping>
		<i3dMapping id="aiSpline" node="0&gt;10|2"></i3dMapping>
		<i3dMapping id="playerTrigger" node="0&gt;11|0"></i3dMapping>
		<i3dMapping id="playerTriggerMarker" node="0&gt;11|0|0"></i3dMapping>
		<i3dMapping id="teleportNode" node="0&gt;11|1"></i3dMapping>
		<i3dMapping id="palletSpawner" node="0&gt;12"></i3dMapping>
		<i3dMapping id="spawnSpace1start" node="0&gt;12|0"></i3dMapping>
		<i3dMapping id="warningStripes" node="0&gt;13"></i3dMapping>
	</i3dMappings>
</placeable>