<?xml version="1.0" encoding="utf-8"?>
<placeable type="productionPoint" xmlns:xsi="http://www.w3.org/2001/XMLSchema-instance" xsi:noNamespaceSchemaLocation="../../../../shared/xml/schema/placeable.xsd">
	<storeData>
		<name>$l10n_station_fr_spinnery</name>
		<price>60000</price>
		<image>$data/store/store_empty.png</image>
		<canBeSold>false</canBeSold>
		<showInStore>false</showInStore>
		<lifetime>1000</lifetime>
		<rotation>0</rotation>
		<brand>FABRICPLUS</brand>
		<species>placeable</species>
		<category>placeableMisc</category>
		<vertexBufferMemoryUsage>0</vertexBufferMemoryUsage>
		<indexBufferMemoryUsage>0</indexBufferMemoryUsage>
		<textureMemoryUsage>0</textureMemoryUsage>
		<instanceVertexBufferMemoryUsage>0</instanceVertexBufferMemoryUsage>
		<instanceIndexBufferMemoryUsage>0</instanceIndexBufferMemoryUsage>
	</storeData>
	<base>
		<filename>$data/placeables/mapFR/sellingStationWool/sellingStationWool.i3d</filename>
		<canBeRenamed>true</canBeRenamed>
	</base>
	<placement></placement>
	<clearAreas></clearAreas>
	<leveling></leveling>
	<indoorAreas></indoorAreas>
	<tipOcclusionUpdateAreas>
		<tipOcclusionUpdateArea startNode="tipOcclusionUpdateArea1Start" endNode="tipOcclusionUpdateArea1End"></tipOcclusionUpdateArea>
	</tipOcclusionUpdateAreas>
	<ai>
		<updateAreas></updateAreas>
	</ai>
	<infoTrigger triggerNode="infoTrigger"></infoTrigger>
	<triggerMarkers>
		<triggerMarker node="warningStripes"></triggerMarker>
		<triggerMarker node="playerTriggerMarker" filename="$data/shared/assets/marker/markerIcons.xml" id="WRENCH" adjustToGround="true"></triggerMarker>
		<triggerMarker node="unloadTriggerMarker" filename="$data/shared/assets/marker/markerIcons.xml" id="UNLOAD" adjustToGround="true"></triggerMarker>
	</triggerMarkers>
	<hotspots>
		<hotspot type="PRODUCTION_POINT" linkNode="unloadTriggerMarker" teleportNode="unloadTriggerMarker"></hotspot>
	</hotspots>
	<productionPoint>
		<productions>
			<production id="fabric_wool" name="%s %s" params="$l10n_fillType_fabric|$l10n_fillType_wool" cyclesPerHour="120" costsPerActiveHour="5">
				<inputs>
					<input fillType="WOOL" amount="2"></input>
				</inputs>
				<outputs>
					<output fillType="FABRIC" amount="1"></output>
				</outputs>
			</production>
			<production id="fabric_cotton" name="%s %s" params="$l10n_fillType_fabric|$l10n_fillType_cotton" cyclesPerHour="48" costsPerActiveHour="5">
				<inputs>
					<input fillType="COTTON" amount="5"></input>
				</inputs>
				<outputs>
					<output fillType="FABRIC" amount="3"></output>
				</outputs>
			</production>
		</productions>
		<storage isExtension="false" fillLevelSyncThreshold="50">
			<capacity fillType="WOOL" capacity="45000"></capacity>
			<capacity fillType="COTTON" capacity="45000"></capacity>
			<capacity fillType="FABRIC" capacity="5000"></capacity>
		</storage>
		<sellingStation node="sellingStation" supportsExtension="false">
			<unloadTrigger exactFillRootNode="unloadTrigger" fillTypes="WOOL COTTON">
				<baleTrigger triggerNode="baleTrigger" deleteLitersPerSecond="4000"></baleTrigger>
			</unloadTrigger>
		</sellingStation>
		<palletSpawner node="palletSpawner">
			<spawnPlaces>
				<spawnPlace startNode="spawnSpace1start"></spawnPlace>
			</spawnPlaces>
		</palletSpawner>
		<playerTrigger node="playerTrigger"></playerTrigger>
		<sounds>
			<idle template="spinneryIdle" linkNode="0&gt;3|1"></idle>
			<active template="spinneryWork" linkNode="0&gt;3|2"></active>
		</sounds>
	</productionPoint>
	<i3dMappings>
		<i3dMapping id="tipOcclusionUpdateArea1Start" node="0&gt;0|0"></i3dMapping>
		<i3dMapping id="tipOcclusionUpdateArea1End" node="0&gt;0|0|0"></i3dMapping>
		<i3dMapping id="infoTrigger" node="0&gt;1"></i3dMapping>
		<i3dMapping id="sellingStation" node="0&gt;2"></i3dMapping>
		<i3dMapping id="unloadTrigger" node="0&gt;2|0"></i3dMapping>
		<i3dMapping id="unloadTriggerMarker" node="0&gt;2|0|0"></i3dMapping>
		<i3dMapping id="baleTrigger" node="0&gt;2|1"></i3dMapping>
		<i3dMapping id="playerTrigger" node="0&gt;3|0"></i3dMapping>
		<i3dMapping id="playerTriggerMarker" node="0&gt;3|0|0"></i3dMapping>
		<i3dMapping id="palletSpawner" node="0&gt;4"></i3dMapping>
		<i3dMapping id="spawnSpace1start" node="0&gt;4|0"></i3dMapping>
		<i3dMapping id="warningStripes" node="0&gt;5"></i3dMapping>
	</i3dMappings>
</placeable>