<?xml version="1.0" encoding="utf-8"?>
<placeable type="productionPoint" xmlns:xsi="http://www.w3.org/2001/XMLSchema-instance" xsi:noNamespaceSchemaLocation="../../../../shared/xml/schema/placeable.xsd">
	<storeData>
		<name>$l10n_station_fr_grainMill</name>
		<image>$data/store/store_empty.png</image>
		<price>96000</price>
		<showInStore>false</showInStore>
		<lifetime>1000</lifetime>
		<rotation>0</rotation>
		<brand>FABRICPLUS</brand>
		<species>placeable</species>
		<category>productionPoints</category>
		<brush>
			<type>placeable</type>
			<category>production</category>
			<tab>factories</tab>
		</brush>
		<vertexBufferMemoryUsage>0</vertexBufferMemoryUsage>
		<indexBufferMemoryUsage>0</indexBufferMemoryUsage>
		<textureMemoryUsage>0</textureMemoryUsage>
		<instanceVertexBufferMemoryUsage>0</instanceVertexBufferMemoryUsage>
		<instanceIndexBufferMemoryUsage>0</instanceIndexBufferMemoryUsage>
	</storeData>
	<base>
		<filename>$data/placeables/mapFR/sellingStationGrainMill/sellingStationGrainMill.i3d</filename>
		<canBeRenamed>true</canBeRenamed>
	</base>
	<placement></placement>
	<clearAreas></clearAreas>
	<leveling></leveling>
	<indoorAreas>
		<indoorArea startNode="indoorArea1Start" widthNode="indoorArea1Width" heightNode="indoorArea1Height"></indoorArea>
		<indoorArea startNode="indoorArea2Start" widthNode="indoorArea2Width" heightNode="indoorArea2Height"></indoorArea>
	</indoorAreas>
	<tipOcclusionUpdateAreas>
		<tipOcclusionUpdateArea startNode="tipOcclusionUpdateArea1Start" endNode="tipOcclusionUpdateArea1End"></tipOcclusionUpdateArea>
	</tipOcclusionUpdateAreas>
	<ai>
		<updateAreas></updateAreas>
		<splines>
			<spline node="aiSpline"></spline>
		</splines>
	</ai>
	<infoTrigger triggerNode="infoTrigger"></infoTrigger>
	<hotspots>
		<hotspot type="PRODUCTION_POINT" linkNode="unloadTriggerMarker" teleportNode="teleportNode"></hotspot>
	</hotspots>
	<triggerMarkers>
		<triggerMarker node="warningStripes_palletSpawnArea" adjustToGround="false"></triggerMarker>
		<triggerMarker node="playerTriggerMarker" filename="$data/shared/assets/marker/markerIcons.xml" id="WRENCH" adjustToGround="true"></triggerMarker>
		<triggerMarker node="unloadTriggerMarker" filename="$data/shared/assets/marker/markerIcons.xml" id="UNLOAD" adjustToGround="false"></triggerMarker>
	</triggerMarkers>
	<productionPoint>
		<productions sharedThroughputCapacity="false">
			<production id="flourWheat" name="%s %s" params="$l10n_fillType_wheat|$l10n_fillType_flour" cyclesPerHour="10" costsPerActiveHour="1">
				<inputs>
					<input fillType="WHEAT" amount="150"></input>
				</inputs>
				<outputs>
					<output fillType="FLOUR" amount="120"></output>
				</outputs>
			</production>
			<production id="flourBarley" name="%s %s" params="$l10n_fillType_barley|$l10n_fillType_flour" cyclesPerHour="10" costsPerActiveHour="1">
				<inputs>
					<input fillType="BARLEY" amount="150"></input>
				</inputs>
				<outputs>
					<output fillType="FLOUR" amount="113"></output>
				</outputs>
			</production>
			<production id="flourOat" name="%s %s" params="$l10n_fillType_oat|$l10n_fillType_flour" cyclesPerHour="10" costsPerActiveHour="1">
				<inputs>
					<input fillType="OAT" amount="150"></input>
				</inputs>
				<outputs>
					<output fillType="FLOUR" amount="188"></output>
				</outputs>
			</production>
			<production id="flourSorghum" name="%s %s" params="$l10n_fillType_sorghum|$l10n_fillType_flour" cyclesPerHour="10" costsPerActiveHour="1">
				<inputs>
					<input fillType="SORGHUM" amount="150"></input>
				</inputs>
				<outputs>
					<output fillType="FLOUR" amount="158"></output>
				</outputs>
			</production>
		</productions>
		<storage isExtension="false" fillLevelSyncThreshold="50">
			<capacity fillType="WHEAT" capacity="270000"></capacity>
			<capacity fillType="BARLEY" capacity="270000"></capacity>
			<capacity fillType="OAT" capacity="270000"></capacity>
			<capacity fillType="SORGHUM" capacity="270000"></capacity>
			<capacity fillType="FLOUR" capacity="30000"></capacity>
		</storage>
		<sellingStation node="sellingStation" supportsExtension="false">
			<unloadTrigger exactFillRootNode="unloadTrigger" aiNode="aiNode" fillTypes="WHEAT BARLEY OAT SORGHUM"></unloadTrigger>
		</sellingStation>
		<palletSpawner>
			<spawnPlaces>
				<spawnPlace startNode="spawnSpace1start"></spawnPlace>
			</spawnPlaces>
		</palletSpawner>
		<playerTrigger node="playerTrigger"></playerTrigger>
		<sounds>
			<idle template="grainMillIdle" linkNode="soundNode"></idle>
			<active template="grainMillWork" linkNode="soundNode"></active>
		</sounds>
	</productionPoint>
	<i3dMappings>
		<i3dMapping id="indoorArea1Start" node="0&gt;0|0"></i3dMapping>
		<i3dMapping id="indoorArea1Width" node="0&gt;0|0|0"></i3dMapping>
		<i3dMapping id="indoorArea1Height" node="0&gt;0|0|1"></i3dMapping>
		<i3dMapping id="indoorArea2Start" node="0&gt;0|1"></i3dMapping>
		<i3dMapping id="indoorArea2Width" node="0&gt;0|1|0"></i3dMapping>
		<i3dMapping id="indoorArea2Height" node="0&gt;0|1|1"></i3dMapping>
		<i3dMapping id="infoTrigger" node="0&gt;1"></i3dMapping>
		<i3dMapping id="sellingStation" node="0&gt;2"></i3dMapping>
		<i3dMapping id="unloadTrigger" node="0&gt;2|0"></i3dMapping>
		<i3dMapping id="unloadTriggerMarker" node="0&gt;2|0|0"></i3dMapping>
		<i3dMapping id="teleportNode" node="0&gt;2|1"></i3dMapping>
		<i3dMapping id="aiNode" node="0&gt;2|2"></i3dMapping>
		<i3dMapping id="aiSpline" node="0&gt;2|3"></i3dMapping>
		<i3dMapping id="playerTrigger" node="0&gt;3|0"></i3dMapping>
		<i3dMapping id="playerTriggerMarker" node="0&gt;3|0|0"></i3dMapping>
		<i3dMapping id="soundNode" node="0&gt;3|1"></i3dMapping>
		<i3dMapping id="spawnSpace1start" node="0&gt;4|0"></i3dMapping>
		<i3dMapping id="warningStripes_palletSpawnArea" node="0&gt;4|1"></i3dMapping>
		<i3dMapping id="tipOcclusionUpdateArea1Start" node="0&gt;6|0"></i3dMapping>
		<i3dMapping id="tipOcclusionUpdateArea1End" node="0&gt;6|0|0"></i3dMapping>
		<i3dMapping id="effect1" node="0&gt;7|0"></i3dMapping>
		<i3dMapping id="effect2" node="0&gt;7|1"></i3dMapping>
		<i3dMapping id="effect3" node="0&gt;7|2"></i3dMapping>
	</i3dMappings>
</placeable>