<?xml version="1.0" encoding="utf-8"?>
<placeable type="productionPoint" xmlns:xsi="http://www.w3.org/2001/XMLSchema-instance" xsi:noNamespaceSchemaLocation="../../../../shared/xml/schema/placeable.xsd">
	<storeData>
		<name>$l10n_station_fr_cheeseDairy</name>
		<image>$data/store/store_empty.png</image>
		<price>50000</price>
		<canBeSold>false</canBeSold>
		<showInStore>false</showInStore>
		<lifetime>1000</lifetime>
		<rotation>0</rotation>
		<brand>FABRICPLUS</brand>
		<species>placeable</species>
		<category>productionPoints</category>
		<vertexBufferMemoryUsage>0</vertexBufferMemoryUsage>
		<indexBufferMemoryUsage>0</indexBufferMemoryUsage>
		<textureMemoryUsage>0</textureMemoryUsage>
		<instanceVertexBufferMemoryUsage>0</instanceVertexBufferMemoryUsage>
		<instanceIndexBufferMemoryUsage>0</instanceIndexBufferMemoryUsage>
	</storeData>
	<base>
		<filename>$data/placeables/mapFR/sellingStationCheeseDairy/sellingStationCheeseDairy.i3d</filename>
		<canBeRenamed>false</canBeRenamed>
	</base>
	<placement></placement>
	<clearAreas></clearAreas>
	<leveling></leveling>
	<indoorAreas></indoorAreas>
	<tipOcclusionUpdateAreas>
		<tipOcclusionUpdateArea startNode="tipOcclusionUpdateArea1Start" endNode="tipOcclusionUpdateArea1End"></tipOcclusionUpdateArea>
	</tipOcclusionUpdateAreas>
	<ai>
		<updateAreas></updateAreas>
	</ai>
	<infoTrigger triggerNode="infoTrigger"></infoTrigger>
	<triggerMarkers>
		<triggerMarker node="warningStripes_palletSpawnArea"></triggerMarker>
		<triggerMarker node="playerTriggerMarker" filename="$data/shared/assets/marker/markerIcons.xml" id="WRENCH" adjustToGround="true"></triggerMarker>
		<triggerMarker node="unloadTriggerMarker" filename="$data/shared/assets/marker/markerIcons.xml" id="UNLOAD" adjustToGround="true"></triggerMarker>
	</triggerMarkers>
	<hotspots>
		<hotspot type="PRODUCTION_POINT" linkNode="unloadTriggerMarker" teleportNode="teleportNode"></hotspot>
	</hotspots>
	<productionPoint>
		<productions>
			<production id="butter" name="$l10n_fillType_butter" cyclesPerHour="20" costsPerActiveHour="1">
				<inputs>
					<input fillType="MILK" amount="15"></input>
				</inputs>
				<outputs>
					<output fillType="BUTTER" amount="13"></output>
				</outputs>
			</production>
			<production id="cheese" name="$l10n_fillType_cheese" cyclesPerHour="100" costsPerActiveHour="1">
				<inputs>
					<input fillType="MILK" amount="3"></input>
				</inputs>
				<outputs>
					<output fillType="CHEESE" amount="2"></output>
				</outputs>
			</production>
		</productions>
		<storage isExtension="false" fillLevelSyncThreshold="50">
			<capacity fillType="MILK" capacity="100000"></capacity>
			<capacity fillType="BUTTER" capacity="10000"></capacity>
			<capacity fillType="CHEESE" capacity="5000"></capacity>
		</storage>
		<sellingStation node="sellingStation" supportsExtension="false">
			<unloadTrigger exactFillRootNode="unloadTrigger" aiNode="aiNode" fillTypes="MILK"></unloadTrigger>
		</sellingStation>
		<palletSpawner>
			<spawnPlaces>
				<spawnPlace startNode="spawnSpace1Start"></spawnPlace>
			</spawnPlaces>
		</palletSpawner>
		<playerTrigger node="playerTrigger"></playerTrigger>
		<sounds>
			<idle template="dairyIdle" linkNode="soundNode"></idle>
			<active template="dairyWork" linkNode="soundNode"></active>
		</sounds>
	</productionPoint>
	<i3dMappings>
		<i3dMapping id="indoorArea1Start" node="0&gt;0|0"></i3dMapping>
		<i3dMapping id="indoorArea1Width" node="0&gt;0|0|0"></i3dMapping>
		<i3dMapping id="indoorArea1Height" node="0&gt;0|0|1"></i3dMapping>
		<i3dMapping id="indoorArea2Start" node="0&gt;0|1"></i3dMapping>
		<i3dMapping id="indoorArea2Width" node="0&gt;0|1|0"></i3dMapping>
		<i3dMapping id="indoorArea2Height" node="0&gt;0|1|1"></i3dMapping>
		<i3dMapping id="infoTrigger" node="0&gt;1"></i3dMapping>
		<i3dMapping id="sellingStation" node="0&gt;2"></i3dMapping>
		<i3dMapping id="unloadTrigger" node="0&gt;2|0"></i3dMapping>
		<i3dMapping id="unloadTriggerMarker" node="0&gt;2|0|0"></i3dMapping>
		<i3dMapping id="teleportNode" node="0&gt;2|1"></i3dMapping>
		<i3dMapping id="aiNode" node="0&gt;2|2"></i3dMapping>
		<i3dMapping id="playerTrigger" node="0&gt;3|0"></i3dMapping>
		<i3dMapping id="playerTriggerMarker" node="0&gt;3|0|0"></i3dMapping>
		<i3dMapping id="soundNode" node="0&gt;3|1"></i3dMapping>
		<i3dMapping id="spawnSpace1Start" node="0&gt;4|0"></i3dMapping>
		<i3dMapping id="warningStripes_palletSpawnArea" node="0&gt;4|1"></i3dMapping>
		<i3dMapping id="tipOcclusionUpdateArea1Start" node="0&gt;6|0"></i3dMapping>
		<i3dMapping id="tipOcclusionUpdateArea1End" node="0&gt;6|0|0"></i3dMapping>
		<i3dMapping id="effect1" node="0&gt;7|0"></i3dMapping>
		<i3dMapping id="effect2" node="0&gt;7|1"></i3dMapping>
		<i3dMapping id="effect3" node="0&gt;7|2"></i3dMapping>
	</i3dMappings>
</placeable>