<?xml version="1.0" encoding="utf-8"?>
<placeable type="productionPoint" xmlns:xsi="http://www.w3.org/2001/XMLSchema-instance" xsi:noNamespaceSchemaLocation="../../../../../shared/xml/schema/placeable.xsd">
	<storeData>
		<name>$l10n_shopItem_spinnery</name>
		<functions>
			<function>$l10n_function_productionPoint</function>
		</functions>
		<image>$data/placeables/lizard/productionPoints/spinneryUS/store_spinneryUS.png</image>
		<price>60000</price>
		<lifetime>1000</lifetime>
		<rotation>0</rotation>
		<brand>FABRICPLUS</brand>
		<species>placeable</species>
		<category>productionPoints</category>
		<brush>
			<type>placeable</type>
			<category>production</category>
			<tab>factories</tab>
		</brush>
		<vertexBufferMemoryUsage>529920</vertexBufferMemoryUsage>
		<indexBufferMemoryUsage>76544</indexBufferMemoryUsage>
		<textureMemoryUsage>9895936</textureMemoryUsage>
		<instanceVertexBufferMemoryUsage>0</instanceVertexBufferMemoryUsage>
		<instanceIndexBufferMemoryUsage>0</instanceIndexBufferMemoryUsage>
		<audioMemoryUsage>0</audioMemoryUsage>
	</storeData>
	<base>
		<filename>$data/placeables/lizard/productionPoints/spinneryUS/spinneryUS.i3d</filename>
		<canBeRenamed>true</canBeRenamed>
	</base>
	<placement useRandomYRotation="false" useManualYRotation="true">
		<testAreas>
			<testArea startNode="testArea1Start" endNode="testArea1End"></testArea>
			<testArea startNode="testArea2Start" endNode="testArea2End"></testArea>
			<testArea startNode="testArea3Start" endNode="testArea3End"></testArea>
		</testAreas>
		<sounds>
			<place template="smallImp"></place>
		</sounds>
	</placement>
	<clearAreas>
		<clearArea startNode="clearArea1Start" widthNode="clearArea1Width" heightNode="clearArea1Height"></clearArea>
		<clearArea startNode="clearArea2Start" widthNode="clearArea2Width" heightNode="clearArea2Height"></clearArea>
		<clearArea startNode="clearArea3Start" widthNode="clearArea3Width" heightNode="clearArea3Height"></clearArea>
	</clearAreas>
	<leveling requireLeveling="true" maxSmoothDistance="10" maxSlope="75" maxEdgeAngle="30">
		<levelAreas>
			<levelArea startNode="levelArea1Start" widthNode="levelArea1Width" heightNode="levelArea1Height" groundType="asphalt"></levelArea>
			<levelArea startNode="levelArea2Start" widthNode="levelArea2Width" heightNode="levelArea2Height" groundType="asphalt"></levelArea>
			<levelArea startNode="levelArea3Start" widthNode="levelArea3Width" heightNode="levelArea3Height" groundType="asphalt"></levelArea>
		</levelAreas>
	</leveling>
	<indoorAreas>
		<indoorArea startNode="indoorArea1Start" widthNode="indoorArea1Width" heightNode="indoorArea1Height"></indoorArea>
	</indoorAreas>
	<tipOcclusionUpdateAreas>
		<tipOcclusionUpdateArea startNode="tipOcclusionUpdateArea1Start" endNode="tipOcclusionUpdateArea1End"></tipOcclusionUpdateArea>
	</tipOcclusionUpdateAreas>
	<ai>
		<updateAreas>
			<updateArea startNode="tipOcclusionUpdateArea1Start" endNode="tipOcclusionUpdateArea1End"></updateArea>
		</updateAreas>
	</ai>
	<infoTrigger triggerNode="infoTrigger"></infoTrigger>
	<dynamicallyLoadedParts>
		<dynamicallyLoadedPart filename="$data/placeables/lizard/productionPoints/spinneryUS/props.i3d" node="0" linkNode="propsLinkNode"></dynamicallyLoadedPart>
	</dynamicallyLoadedParts>
	<lights>
		<group weatherRequiredFlags="NIGHT"></group>
		<sharedLight filename="$data/shared/assets/lights/lizard/buildings/industrialWallLight.xml" linkNode="linkedLight1" groupIndex="1"></sharedLight>
		<sharedLight filename="$data/shared/assets/lights/lizard/buildings/industrialWallLight.xml" linkNode="linkedLight2" groupIndex="1"></sharedLight>
		<sharedLight filename="$data/shared/assets/lights/lizard/buildings/industrialWallLight.xml" linkNode="linkedLight3" groupIndex="1"></sharedLight>
		<sharedLight filename="$data/shared/assets/lights/lizard/buildings/industrialWallLight.xml" linkNode="linkedLight4" groupIndex="1"></sharedLight>
		<sharedLight filename="$data/shared/assets/lights/lizard/buildings/industrialWallLight.xml" linkNode="linkedLight5" groupIndex="1"></sharedLight>
		<sharedLight filename="$data/shared/assets/lights/lizard/buildings/industrialWallLight.xml" linkNode="linkedLight6" groupIndex="1"></sharedLight>
		<sharedLight filename="$data/shared/assets/lights/lizard/buildings/industrialWallLight.xml" linkNode="linkedLight7" groupIndex="1"></sharedLight>
		<lightShape node="interiorSelfIllum" groupIndex="1"></lightShape>
		<lightShape node="interiorSelfIllumLOD" groupIndex="1"></lightShape>
		<realLights>
			<low>
				<light node="realLightsLow" groupIndex="1"></light>
			</low>
			<high>
				<light node="realLightsHigh" groupIndex="1"></light>
			</high>
		</realLights>
	</lights>
	<productionPoint>
		<productions>
			<production id="fabric_wool" name="%s %s" params="$l10n_fillType_fabric|$l10n_fillType_wool" cyclesPerHour="120" costsPerActiveHour="5">
				<inputs>
					<input fillType="WOOL" amount="2"></input>
				</inputs>
				<outputs>
					<output fillType="FABRIC" amount="1"></output>
				</outputs>
			</production>
			<production id="fabric_cotton" name="%s %s" params="$l10n_fillType_fabric|$l10n_fillType_cotton" cyclesPerHour="48" costsPerActiveHour="5">
				<inputs>
					<input fillType="COTTON" amount="5"></input>
				</inputs>
				<outputs>
					<output fillType="FABRIC" amount="3"></output>
				</outputs>
			</production>
		</productions>
		<storage isExtension="false" fillLevelSyncThreshold="50">
			<capacity fillType="WOOL" capacity="45000"></capacity>
			<capacity fillType="COTTON" capacity="45000"></capacity>
			<capacity fillType="FABRIC" capacity="5000"></capacity>
		</storage>
		<sellingStation node="sellingStation" supportsExtension="false">
			<unloadTrigger exactFillRootNode="unloadTrigger" aiNode="unloadTriggerAINode" fillTypes="WOOL COTTON">
				<baleTrigger triggerNode="baleTrigger" deleteLitersPerSecond="4000"></baleTrigger>
			</unloadTrigger>
		</sellingStation>
		<palletSpawner node="palletSpawner">
			<spawnPlaces>
				<spawnPlace startNode="spawnSpace1start"></spawnPlace>
			</spawnPlaces>
		</palletSpawner>
		<playerTrigger node="playerTrigger"></playerTrigger>
		<sounds>
			<idle template="spinneryIdle" linkNode="0&gt;"></idle>
			<active template="spinneryWork" linkNode="0&gt;"></active>
		</sounds>
	</productionPoint>
	<triggerMarkers>
		<triggerMarker node="warningStripes"></triggerMarker>
		<triggerMarker node="playerTriggerMarker" filename="$data/shared/assets/marker/markerIcons.xml" id="WRENCH" adjustToGround="true"></triggerMarker>
		<triggerMarker node="unloadTriggerMarker" filename="$data/shared/assets/marker/markerIcons.xml" id="UNLOAD" adjustToGround="true"></triggerMarker>
	</triggerMarkers>
	<hotspots>
		<hotspot type="PRODUCTION_POINT" linkNode="unloadTriggerMarker" teleportNode="unloadTriggerMarker"></hotspot>
	</hotspots>
	<i3dMappings>
		<i3dMapping id="interiorSelfIllum" node="0&gt;0|0|0|2|0"></i3dMapping>
		<i3dMapping id="propsLinkNode" node="0&gt;0|0|1"></i3dMapping>
		<i3dMapping id="interiorSelfIllumLOD" node="0&gt;0|1|0|3"></i3dMapping>
		<i3dMapping id="clearArea1Start" node="0&gt;1|0"></i3dMapping>
		<i3dMapping id="clearArea1Width" node="0&gt;1|0|0"></i3dMapping>
		<i3dMapping id="clearArea1Height" node="0&gt;1|0|1"></i3dMapping>
		<i3dMapping id="clearArea2Start" node="0&gt;1|1"></i3dMapping>
		<i3dMapping id="clearArea2Width" node="0&gt;1|1|0"></i3dMapping>
		<i3dMapping id="clearArea2Height" node="0&gt;1|1|1"></i3dMapping>
		<i3dMapping id="clearArea3Start" node="0&gt;1|2"></i3dMapping>
		<i3dMapping id="clearArea3Width" node="0&gt;1|2|0"></i3dMapping>
		<i3dMapping id="clearArea3Height" node="0&gt;1|2|1"></i3dMapping>
		<i3dMapping id="levelArea1Start" node="0&gt;2|0"></i3dMapping>
		<i3dMapping id="levelArea1Width" node="0&gt;2|0|0"></i3dMapping>
		<i3dMapping id="levelArea1Height" node="0&gt;2|0|1"></i3dMapping>
		<i3dMapping id="levelArea2Start" node="0&gt;2|1"></i3dMapping>
		<i3dMapping id="levelArea2Width" node="0&gt;2|1|0"></i3dMapping>
		<i3dMapping id="levelArea2Height" node="0&gt;2|1|1"></i3dMapping>
		<i3dMapping id="levelArea3Start" node="0&gt;2|2"></i3dMapping>
		<i3dMapping id="levelArea3Width" node="0&gt;2|2|0"></i3dMapping>
		<i3dMapping id="levelArea3Height" node="0&gt;2|2|1"></i3dMapping>
		<i3dMapping id="indoorArea1Start" node="0&gt;3|0"></i3dMapping>
		<i3dMapping id="indoorArea1Width" node="0&gt;3|0|0"></i3dMapping>
		<i3dMapping id="indoorArea1Height" node="0&gt;3|0|1"></i3dMapping>
		<i3dMapping id="testArea1Start" node="0&gt;4|0"></i3dMapping>
		<i3dMapping id="testArea1End" node="0&gt;4|0|0"></i3dMapping>
		<i3dMapping id="testArea2Start" node="0&gt;4|1"></i3dMapping>
		<i3dMapping id="testArea2End" node="0&gt;4|1|0"></i3dMapping>
		<i3dMapping id="testArea3Start" node="0&gt;4|2"></i3dMapping>
		<i3dMapping id="testArea3End" node="0&gt;4|2|0"></i3dMapping>
		<i3dMapping id="tipOcclusionUpdateArea1Start" node="0&gt;5|0"></i3dMapping>
		<i3dMapping id="tipOcclusionUpdateArea1End" node="0&gt;5|0|0"></i3dMapping>
		<i3dMapping id="infoTrigger" node="0&gt;6"></i3dMapping>
		<i3dMapping id="realLightsLow" node="0&gt;8|0|0"></i3dMapping>
		<i3dMapping id="realLightsHigh" node="0&gt;8|0|1"></i3dMapping>
		<i3dMapping id="linkedLight1" node="0&gt;8|1|0"></i3dMapping>
		<i3dMapping id="linkedLight2" node="0&gt;8|1|1"></i3dMapping>
		<i3dMapping id="linkedLight3" node="0&gt;8|1|2"></i3dMapping>
		<i3dMapping id="linkedLight4" node="0&gt;8|1|3"></i3dMapping>
		<i3dMapping id="linkedLight5" node="0&gt;8|1|4"></i3dMapping>
		<i3dMapping id="linkedLight6" node="0&gt;8|1|5"></i3dMapping>
		<i3dMapping id="linkedLight7" node="0&gt;8|1|6"></i3dMapping>
		<i3dMapping id="sellingStation" node="0&gt;9"></i3dMapping>
		<i3dMapping id="unloadTrigger" node="0&gt;9|0"></i3dMapping>
		<i3dMapping id="unloadTriggerMarker" node="0&gt;9|0|0"></i3dMapping>
		<i3dMapping id="baleTrigger" node="0&gt;9|1"></i3dMapping>
		<i3dMapping id="unloadTriggerAINode" node="0&gt;9|2"></i3dMapping>
		<i3dMapping id="playerTrigger" node="0&gt;10|0"></i3dMapping>
		<i3dMapping id="playerTriggerMarker" node="0&gt;10|0|0"></i3dMapping>
		<i3dMapping id="palletSpawner" node="0&gt;11"></i3dMapping>
		<i3dMapping id="spawnSpace1start" node="0&gt;11|0"></i3dMapping>
		<i3dMapping id="warningStripes" node="0&gt;12"></i3dMapping>
	</i3dMappings>
</placeable>