<?xml version="1.0" encoding="utf-8"?>
<placeable type="productionPoint" xmlns:xsi="http://www.w3.org/2001/XMLSchema-instance" xsi:noNamespaceSchemaLocation="../../../../../shared/xml/schema/placeable.xsd">
	<storeData>
		<name>$l10n_shopItem_sugarMill</name>
		<functions>
			<function>$l10n_function_productionPoint</function>
		</functions>
		<image>$data/placeables/lizard/productionPoints/sugarMill/store_sugarMill.png</image>
		<price>80000</price>
		<lifetime>1000</lifetime>
		<rotation>0</rotation>
		<brand>FABRICPLUS</brand>
		<species>placeable</species>
		<category>productionPoints</category>
		<brush>
			<type>placeable</type>
			<category>production</category>
			<tab>factories</tab>
		</brush>
		<vertexBufferMemoryUsage>909312</vertexBufferMemoryUsage>
		<indexBufferMemoryUsage>125952</indexBufferMemoryUsage>
		<textureMemoryUsage>11862016</textureMemoryUsage>
		<instanceVertexBufferMemoryUsage>0</instanceVertexBufferMemoryUsage>
		<instanceIndexBufferMemoryUsage>0</instanceIndexBufferMemoryUsage>
		<audioMemoryUsage>0</audioMemoryUsage>
	</storeData>
	<base>
		<filename>$data/placeables/lizard/productionPoints/sugarMill/sugarMill.i3d</filename>
		<canBeRenamed>true</canBeRenamed>
	</base>
	<placement useRandomYRotation="false" useManualYRotation="true">
		<testAreas>
			<testArea startNode="testArea1Start" endNode="testArea1End"></testArea>
			<testArea startNode="testArea2Start" endNode="testArea2End"></testArea>
			<testArea startNode="testArea3Start" endNode="testArea3End"></testArea>
		</testAreas>
		<sounds>
			<place template="smallImp"></place>
		</sounds>
	</placement>
	<clearAreas>
		<clearArea startNode="clearArea1Start" widthNode="clearArea1Width" heightNode="clearArea1Height"></clearArea>
		<clearArea startNode="clearArea2Start" widthNode="clearArea2Width" heightNode="clearArea2Height"></clearArea>
	</clearAreas>
	<leveling requireLeveling="true" maxSmoothDistance="10" maxSlope="75" maxEdgeAngle="30">
		<levelAreas>
			<levelArea startNode="levelArea1Start" widthNode="levelArea1Width" heightNode="levelArea1Height" groundType="asphalt"></levelArea>
			<levelArea startNode="levelArea2Start" widthNode="levelArea2Width" heightNode="levelArea2Height" groundType="asphalt"></levelArea>
		</levelAreas>
	</leveling>
	<indoorAreas>
		<indoorArea startNode="indoorArea1Start" widthNode="indoorArea1Width" heightNode="indoorArea1Height"></indoorArea>
		<indoorArea startNode="indoorArea2Start" widthNode="indoorArea2Width" heightNode="indoorArea2Height"></indoorArea>
	</indoorAreas>
	<tipOcclusionUpdateAreas>
		<tipOcclusionUpdateArea startNode="tipOcclusionUpdateArea1Start" endNode="tipOcclusionUpdateArea1End"></tipOcclusionUpdateArea>
	</tipOcclusionUpdateAreas>
	<ai>
		<updateAreas>
			<updateArea startNode="tipOcclusionUpdateArea1Start" endNode="tipOcclusionUpdateArea1End"></updateArea>
		</updateAreas>
	</ai>
	<infoTrigger triggerNode="infoTrigger"></infoTrigger>
	<triggerMarkers>
		<triggerMarker node="warningStripes"></triggerMarker>
		<triggerMarker node="playerTriggerMarker" filename="$data/shared/assets/marker/markerIcons.xml" id="WRENCH"></triggerMarker>
		<triggerMarker node="unloadTriggerMarker" filename="$data/shared/assets/marker/markerIcons.xml" id="UNLOAD" adjustToGround="true"></triggerMarker>
	</triggerMarkers>
	<hotspots>
		<hotspot type="PRODUCTION_POINT" linkNode="unloadTriggerMarker" teleportNode="teleportNode"></hotspot>
	</hotspots>
	<dynamicallyLoadedParts>
		<dynamicallyLoadedPart filename="$data/placeables/lizard/productionPoints/sugarMill/props.i3d" node="0" linkNode="propsLinkNode"></dynamicallyLoadedPart>
	</dynamicallyLoadedParts>
	<lights>
		<group weatherRequiredFlags="NIGHT"></group>
		<sharedLight filename="$data/shared/assets/lights/lizard/buildings/industrialWallLight.xml" linkNode="linkedLight1" groupIndex="1"></sharedLight>
		<sharedLight filename="$data/shared/assets/lights/lizard/buildings/industrialWallLight.xml" linkNode="linkedLight2" groupIndex="1"></sharedLight>
		<sharedLight filename="$data/shared/assets/lights/lizard/buildings/industrialWallLight.xml" linkNode="linkedLight3" groupIndex="1"></sharedLight>
		<sharedLight filename="$data/shared/assets/lights/lizard/buildings/industrialWallLight.xml" linkNode="linkedLight4" groupIndex="1"></sharedLight>
		<sharedLight filename="$data/shared/assets/lights/terraLed/fluorescentTube50W.xml" linkNode="linkedLight5" groupIndex="1"></sharedLight>
		<sharedLight filename="$data/shared/assets/lights/terraLed/fluorescentTube50W.xml" linkNode="linkedLight6" groupIndex="1"></sharedLight>
		<sharedLight filename="$data/shared/assets/lights/terraLed/fluorescentTube50W.xml" linkNode="linkedLight7" groupIndex="1"></sharedLight>
		<lightShape node="interiorSelfIllum" groupIndex="1"></lightShape>
		<lightShape node="interiorSelfIllumLOD" groupIndex="1"></lightShape>
		<lightShape node="interiorDay" groupIndex="1"></lightShape>
		<lightShape node="interiorDayLOD" groupIndex="1"></lightShape>
		<realLights>
			<low>
				<light node="realLightsLow" groupIndex="1"></light>
			</low>
			<high>
				<light node="realLightsHigh" groupIndex="1"></light>
			</high>
		</realLights>
	</lights>
	<productionPoint>
		<productions sharedThroughputCapacity="false">
			<production id="sugarbeet_sugar" name="%s %s" params="$l10n_fillType_sugarBeet|$l10n_fillType_sugar" cyclesPerHour="1000" costsPerActiveHour="5">
				<inputs>
					<input fillType="SUGARBEET" amount="2"></input>
				</inputs>
				<outputs>
					<output fillType="SUGAR" amount="1"></output>
				</outputs>
			</production>
			<production id="sugarbeetCut_sugar" name="%s %s" params="$l10n_fillType_sugarBeetCut|$l10n_fillType_sugar" cyclesPerHour="400" costsPerActiveHour="3">
				<inputs>
					<input fillType="SUGARBEET_CUT" amount="5"></input>
				</inputs>
				<outputs>
					<output fillType="SUGAR" amount="3"></output>
				</outputs>
			</production>
			<production id="sugarcane_sugar" name="%s %s" params="$l10n_fillType_sugarCane|$l10n_fillType_sugar" cyclesPerHour="1000" costsPerActiveHour="5">
				<inputs>
					<input fillType="SUGARCANE" amount="2"></input>
				</inputs>
				<outputs>
					<output fillType="SUGAR" amount="1"></output>
				</outputs>
			</production>
		</productions>
		<storage isExtension="false" fillLevelSyncThreshold="50">
			<capacity fillType="SUGARBEET" capacity="360000"></capacity>
			<capacity fillType="SUGARBEET_CUT" capacity="360000"></capacity>
			<capacity fillType="SUGARCANE" capacity="360000"></capacity>
			<capacity fillType="SUGAR" capacity="36000"></capacity>
		</storage>
		<loadingStation node="loadingStation" supportsExtension="false">
			<loadTrigger triggerNode="loadTrigger" fillTypes="SUGAR" fillLitersPerSecond="2000" dischargeNode="dischargeNode"></loadTrigger>
		</loadingStation>
		<sellingStation node="sellingStation" supportsExtension="false">
			<unloadTrigger exactFillRootNode="unloadTrigger" aiNode="unloadTriggerAINode" fillTypes="SUGARBEET SUGARBEET_CUT SUGARCANE"></unloadTrigger>
		</sellingStation>
		<palletSpawner node="palletSpawner">
			<spawnPlaces>
				<spawnPlace startNode="spawnSpace1start"></spawnPlace>
			</spawnPlaces>
		</palletSpawner>
		<playerTrigger node="playerTrigger"></playerTrigger>
		<sounds>
			<idle template="sugarMillIdle" linkNode="0&gt;"></idle>
			<active template="sugarMillWork" linkNode="0&gt;"></active>
		</sounds>
	</productionPoint>
	<i3dMappings>
		<i3dMapping id="interiorDay" node="0&gt;0|0|0|2|0"></i3dMapping>
		<i3dMapping id="interiorSelfIllum" node="0&gt;0|0|0|2|1"></i3dMapping>
		<i3dMapping id="propsLinkNode" node="0&gt;0|0|1"></i3dMapping>
		<i3dMapping id="interiorDayLOD" node="0&gt;0|1|0|4"></i3dMapping>
		<i3dMapping id="interiorSelfIllumLOD" node="0&gt;0|1|0|5"></i3dMapping>
		<i3dMapping id="clearArea1Start" node="0&gt;1|0"></i3dMapping>
		<i3dMapping id="clearArea1Width" node="0&gt;1|0|0"></i3dMapping>
		<i3dMapping id="clearArea1Height" node="0&gt;1|0|1"></i3dMapping>
		<i3dMapping id="clearArea2Start" node="0&gt;1|1"></i3dMapping>
		<i3dMapping id="clearArea2Width" node="0&gt;1|1|0"></i3dMapping>
		<i3dMapping id="clearArea2Height" node="0&gt;1|1|1"></i3dMapping>
		<i3dMapping id="levelArea1Start" node="0&gt;2|0"></i3dMapping>
		<i3dMapping id="levelArea1Width" node="0&gt;2|0|0"></i3dMapping>
		<i3dMapping id="levelArea1Height" node="0&gt;2|0|1"></i3dMapping>
		<i3dMapping id="levelArea2Start" node="0&gt;2|1"></i3dMapping>
		<i3dMapping id="levelArea2Width" node="0&gt;2|1|0"></i3dMapping>
		<i3dMapping id="levelArea2Height" node="0&gt;2|1|1"></i3dMapping>
		<i3dMapping id="indoorArea1Start" node="0&gt;4|0"></i3dMapping>
		<i3dMapping id="indoorArea1Width" node="0&gt;4|0|0"></i3dMapping>
		<i3dMapping id="indoorArea1Height" node="0&gt;4|0|1"></i3dMapping>
		<i3dMapping id="indoorArea2Start" node="0&gt;4|1"></i3dMapping>
		<i3dMapping id="indoorArea2Width" node="0&gt;4|1|0"></i3dMapping>
		<i3dMapping id="indoorArea2Height" node="0&gt;4|1|1"></i3dMapping>
		<i3dMapping id="testArea1Start" node="0&gt;5|0"></i3dMapping>
		<i3dMapping id="testArea1End" node="0&gt;5|0|0"></i3dMapping>
		<i3dMapping id="testArea2Start" node="0&gt;5|1"></i3dMapping>
		<i3dMapping id="testArea2End" node="0&gt;5|1|0"></i3dMapping>
		<i3dMapping id="testArea3Start" node="0&gt;5|2"></i3dMapping>
		<i3dMapping id="testArea3End" node="0&gt;5|2|0"></i3dMapping>
		<i3dMapping id="tipOcclusionUpdateArea1Start" node="0&gt;6|0"></i3dMapping>
		<i3dMapping id="tipOcclusionUpdateArea1End" node="0&gt;6|0|0"></i3dMapping>
		<i3dMapping id="infoTrigger" node="0&gt;7"></i3dMapping>
		<i3dMapping id="realLightsLow" node="0&gt;9|0|0"></i3dMapping>
		<i3dMapping id="realLightsHigh" node="0&gt;9|0|1"></i3dMapping>
		<i3dMapping id="linkedLight1" node="0&gt;9|1|0"></i3dMapping>
		<i3dMapping id="linkedLight2" node="0&gt;9|1|1"></i3dMapping>
		<i3dMapping id="linkedLight3" node="0&gt;9|1|2"></i3dMapping>
		<i3dMapping id="linkedLight4" node="0&gt;9|1|3"></i3dMapping>
		<i3dMapping id="linkedLight5" node="0&gt;9|1|4"></i3dMapping>
		<i3dMapping id="linkedLight6" node="0&gt;9|1|5"></i3dMapping>
		<i3dMapping id="linkedLight7" node="0&gt;9|1|6"></i3dMapping>
		<i3dMapping id="effectChimney" node="0&gt;10|0"></i3dMapping>
		<i3dMapping id="loadingStation" node="0&gt;11"></i3dMapping>
		<i3dMapping id="loadTrigger" node="0&gt;11|0"></i3dMapping>
		<i3dMapping id="dischargeNode" node="0&gt;11|1"></i3dMapping>
		<i3dMapping id="sellingStation" node="0&gt;12"></i3dMapping>
		<i3dMapping id="unloadTrigger" node="0&gt;12|0"></i3dMapping>
		<i3dMapping id="unloadTriggerMarker" node="0&gt;12|0|0"></i3dMapping>
		<i3dMapping id="unloadTriggerAINode" node="0&gt;12|1"></i3dMapping>
		<i3dMapping id="playerTrigger" node="0&gt;13|0"></i3dMapping>
		<i3dMapping id="playerTriggerMarker" node="0&gt;13|0|0"></i3dMapping>
		<i3dMapping id="teleportNode" node="0&gt;13|1"></i3dMapping>
		<i3dMapping id="palletSpawner" node="0&gt;14"></i3dMapping>
		<i3dMapping id="spawnSpace1start" node="0&gt;14|0"></i3dMapping>
		<i3dMapping id="warningStripes" node="0&gt;15"></i3dMapping>
	</i3dMappings>
</placeable>